Ligand,Target,Method,Exp_delt_G,Clac_delta_G,AE
a2a-minetti_1,a2a-minetti,BFEQM3,-10.067,-9.270369757,0.796630243
a2a-minetti_2,a2a-minetti,BFEQM3,-9.817,-10.67417537,0.85717537
a2a-minetti_3,a2a-minetti,BFEQM3,-11.228,-10.92203101,0.30596899
a2a-minetti_4,a2a-minetti,BFEQM3,-11.641,-11.71823894,0.07723894
a2a-minetti_5,a2a-minetti,BFEQM3,-11.431,-10.25236994,1.17863006
a2a-minetti_6,a2a-minetti,BFEQM3,-8.671,-10.51691883,1.84591883
a2a-minetti_7,a2a-minetti,BFEQM3,-9.714,-10.61873883,0.90473883
a2a-minetti_8,a2a-minetti,BFEQM3,-10.002,-8.68312356,1.31887644
a2a-minetti_9,a2a-minetti,BFEQM3,-9.499,-9.414033766,0.084966234
a2a-Pier_1,a2a-Pier,BFEQM3,-10.924,-10.17544727,0.74855273
a2a-Pier_2,a2a-Pier,BFEQM3,-10.511,-10.60809581,0.09709581
a2a-Pier_3,a2a-Pier,BFEQM3,-9.874,-9.099652301,0.774347699
a2a-Pier_4,a2a-Pier,BFEQM3,-9.986,-10.80249135,0.81649135
a2a-Pier_5,a2a-Pier,BFEQM3,-10.872,-11.1514594,0.2794594
a2a-Pier_6,a2a-Pier,BFEQM3,-11.152,-10.92457173,0.22742827
a2a-Pier_7,a2a-Pier,BFEQM3,-10.598,-11.15528215,0.55728215
bace_1,bace,BFEQM3,-7.52372866,-7.96677443,0.44304577
bace_2,bace,BFEQM3,-9.225387716,-9.646042659,0.420654943
bace_3,bace,BFEQM3,-7.439631708,-7.332153926,0.107477782
bace_4,bace,BFEQM3,-8.698314655,-8.913538906,0.215224251
bace_5,bace,BFEQM3,-7.852816742,-7.806308318,0.046508424
bace_6,bace,BFEQM3,-8.613876782,-7.652909409,0.960967373
bace_7,bace,BFEQM3,-7.439631708,-7.096194143,0.343437565
bace_8,bace,BFEQM3,-8.933568019,-7.525482209,1.40808581
bace_9,bace,BFEQM3,-8.738516403,-9.030696559,0.292180156
bace_10,bace,BFEQM3,-8.685494806,-9.804458114,1.118963308
bace_11,bace,BFEQM3,-8.973322747,-7.980207746,0.993115001
bace_12,bace,BFEQM3,-9.670802221,-9.003293578,0.667508643
bace_13,bace,BFEQM3,-11.34787635,-11.5384838,0.19060745
bace_14,bace,BFEQM3,-8.431247118,-7.938616022,0.492631096
bace_15,bace,BFEQM3,-8.711416281,-8.526703985,0.184712296
bace_16,bace,BFEQM3,-8.91464262,-8.649006172,0.265636448
bace_17,bace,BFEQM3,-10.05806578,-9.511077069,0.546988711
bace_18,bace,BFEQM3,-9.551182419,-9.232000726,0.319181693
bace_19,bace,BFEQM3,-8.685494806,-9.35469334,0.669198534
bace_20,bace,BFEQM3,-8.685494806,-9.043055087,0.357560281
bace_21,bace,BFEQM3,-9.225387716,-10.4425455,1.217157784
bace_22,bace,BFEQM3,-8.861224812,-9.124538248,0.263313436
bace_23,bace,BFEQM3,-8.325331368,-7.981690274,0.343641094
bace_24,bace,BFEQM3,-9.291689317,-11.1197716,1.828082283
bace_25,bace,BFEQM3,-8.346496905,-8.794501819,0.448004914
bace_26,bace,BFEQM3,-8.126743964,-7.961505138,0.165238826
bace_27,bace,BFEQM3,-8.126743964,-9.297227575,1.170483611
bace_28,bace,BFEQM3,-10.32568501,-10.45697548,0.13129047
bace_29,bace,BFEQM3,-9.613987823,-9.713875308,0.099887485
bace_30,bace,BFEQM3,-9.451601479,-10.41073383,0.959132351
bace_31,bace,BFEQM3,-9.015919436,-7.535272539,1.480646897
bace_32,bace,BFEQM3,-9.607996818,-8.890721442,0.717275376
bace_33,bace,BFEQM3,-9.015919436,-10.19984882,1.183929384
bace_34,bace,BFEQM3,-9.327827654,-8.184414023,1.143413631
bace_35,bace,BFEQM3,-9.922518695,-8.94211578,0.980402915
bace_36,bace,BFEQM3,-9.061795912,-9.219949094,0.158153182
bacehunt_1,bacehunt,BFEQM3,-6.046,-4.928366761,1.117633239
bacehunt_2,bacehunt,BFEQM3,-8.648,-7.755598638,0.892401362
bacehunt_3,bacehunt,BFEQM3,-10.39,-9.872614068,0.517385932
bacehunt_4,bacehunt,BFEQM3,-9.582,-12.13849648,2.55649648
bacehunt_5,bacehunt,BFEQM3,-9.773,-10.27448709,0.50148709
bacehunt_6,bacehunt,BFEQM3,-7.867,-5.432908196,2.434091804
bacehunt_7,bacehunt,BFEQM3,-7.013,-6.457500076,0.555499924
bacehunt_8,bacehunt,BFEQM3,-10.299,-11.00066602,0.70166602
bacehunt_9,bacehunt,BFEQM3,-9.838,-9.31256689,0.52543311
bacehunt_10,bacehunt,BFEQM3,-9.847,-9.999621644,0.152621644
bacehunt_11,bacehunt,BFEQM3,-10.103,-10.66453698,0.56153698
bacehunt_12,bacehunt,BFEQM3,-10.15,-10.26988436,0.11988436
bacehunt_13,bacehunt,BFEQM3,-7.558,-7.74524693,0.18724693
bacehunt_14,bacehunt,BFEQM3,-9.756,-7.964053753,1.791946247
bacehunt_15,bacehunt,BFEQM3,-9.723,-8.368139076,1.354860924
bacehunt_16,bacehunt,BFEQM3,-8.813,-9.74438623,0.93138623
bacehunt_17,bacehunt,BFEQM3,-10.299,-8.458139715,1.840860285
bacehunt_18,bacehunt,BFEQM3,-9.551,-9.799553583,0.248553583
bacehunt_19,bacehunt,BFEQM3,-8.939,-9.396377082,0.457377082
bacehunt_20,bacehunt,BFEQM3,-8.68,-7.823709844,0.856290156
bacehunt_21,bacehunt,BFEQM3,-6.903,-8.217433056,1.314433056
bacehunt_22,bacehunt,BFEQM3,-9.473,-8.564631885,0.908368115
bacehunt_23,bacehunt,BFEQM3,-7.672,-9.530094812,1.858094812
bacehunt_24,bacehunt,BFEQM3,-7.094,-10.33091589,3.23691589
bacehunt_25,bacehunt,BFEQM3,-10.184,-9.633188177,0.550811823
bacehunt_26,bacehunt,BFEQM3,-9.819,-8.804499275,1.014500725
bacehunt_27,bacehunt,BFEQM3,-10.908,-13.59549505,2.68749505
bacehunt_28,bacehunt,BFEQM3,-9.39,-9.922019228,0.532019228
bacehunt_29,bacehunt,BFEQM3,-9.325,-9.312346983,0.012653017
bacehunt_30,bacehunt,BFEQM3,-9.301,-9.366712569,0.065712569
bacehunt_31,bacehunt,BFEQM3,-8.591,-10.50367752,1.91267752
bacehunt_32,bacehunt,BFEQM3,-9.052,-5.399132124,3.652867876
bacep2_1,bacep2,BFEQM3,-7.68922,-6.449831581,1.239388419
bacep2_2,bacep2,BFEQM3,-7.561,-7.178927361,0.382072639
bacep2_3,bacep2,BFEQM3,-7.75203,-7.069102111,0.682927889
bacep2_4,bacep2,BFEQM3,-10.15419772,-10.37808431,0.22388659
bacep2_5,bacep2,BFEQM3,-9.670802221,-9.863614144,0.192811923
bacep2_6,bacep2,BFEQM3,-10.02118185,-10.74134717,0.72016532
bacep2_7,bacep2,BFEQM3,-10.02118185,-10.71989136,0.69870951
bacep2_8,bacep2,BFEQM3,-10.02118185,-10.90751045,0.8863286
bacep2_9,bacep2,BFEQM3,-9.912499972,-9.62138829,0.291111682
bacep2_10,bacep2,BFEQM3,-9.820610752,-9.71329518,0.107315572
bacep2_11,bacep2,BFEQM3,-9.499314938,-10.41727787,0.917962932
bacep2_12,bacep2,BFEQM3,-10.02118185,-9.267778594,0.753403256
bacep2_13,bacep2,BFEQM3,-10.21700313,-10.0546397,0.16236343
bacep2_14,bacep2,BFEQM3,-10.15419772,-11.17907225,1.02487453
bacep2_15,bacep2,BFEQM3,-9.366299067,-9.814941288,0.448642221
bacep2_16,bacep2,BFEQM3,-9.0618,-7.567001254,1.494798746
beta1_1,beta1,BFEQM3,-8.06,-8.085630504,0.025630504
beta1_2,beta1,BFEQM3,-9.7,-10.23247713,0.53247713
beta1_3,beta1,BFEQM3,-9.57,-11.21134012,1.64134012
beta1_4,beta1,BFEQM3,-9.16,-9.201557318,0.041557318
beta1_5,beta1,BFEQM3,-8.41,-7.222009006,1.187990994
beta1_6,beta1,BFEQM3,-8.61,-9.327621968,0.717621968
beta1_7,beta1,BFEQM3,-8.1,-5.461741559,2.638258441
beta1_8,beta1,BFEQM3,-7.96,-8.420186251,0.460186251
beta1_9,beta1,BFEQM3,-9.84,-10.24743614,0.40743614
cdk2_1,cdk2,BFEQM3,-8.199,-7.36592724,0.83307276
cdk2_2,cdk2,BFEQM3,-7.688,-7.606867892,0.081132108
cdk2_3,cdk2,BFEQM3,-9.765,-10.11807259,0.35307259
cdk2_4,cdk2,BFEQM3,-9.106,-9.731695027,0.625695027
cdk2_5,cdk2,BFEQM3,-11.273,-10.64798066,0.62501934
cdk2_6,cdk2,BFEQM3,-9.809,-10.18538355,0.37638355
cdk2_7,cdk2,BFEQM3,-7.046,-6.179958112,0.866041888
cdk2_8,cdk2,BFEQM3,-8.724,-8.534938015,0.189061985
cdk2_9,cdk2,BFEQM3,-7.833,-8.51181779,0.67881779
cdk2_10,cdk2,BFEQM3,-7.867,-7.808546709,0.058453291
cdk2_11,cdk2,BFEQM3,-8.436,-8.861825936,0.425825936
cdk2_12,cdk2,BFEQM3,-11.12,-11.10087888,0.01912112
cdk2_13,cdk2,BFEQM3,-9.888,-9.582592185,0.305407815
cdk2_14,cdk2,BFEQM3,-9.819,-10.13825958,0.31925958
cdk2_15,cdk2,BFEQM3,-9.545,-9.805603628,0.260603628
cdk2_16,cdk2,BFEQM3,-9.756,-9.69365221,0.06234779
cmet_1,cmet,BFEQM3,-8.724,-10.7727729,2.0487729
cmet_2,cmet,BFEQM3,-10.415,-10.5885139,0.1735139
cmet_3,cmet,BFEQM3,-10.059,-8.907635191,1.151364809
cmet_4,cmet,BFEQM3,-11.684,-10.48711587,1.19688413
cmet_5,cmet,BFEQM3,-11.164,-11.83030322,0.66630322
cmet_6,cmet,BFEQM3,-10.908,-10.52001576,0.38798424
cmet_7,cmet,BFEQM3,-11.241,-12.23335872,0.99235872
cmet_8,cmet,BFEQM3,-12.272,-13.26245401,0.99045401
cmet_9,cmet,BFEQM3,-9.607,-8.789761101,0.817238899
cmet_10,cmet,BFEQM3,-12.272,-14.4646911,2.1926911
cmet_11,cmet,BFEQM3,-9.607,-7.892315048,1.714684952
cmet_12,cmet,BFEQM3,-10.852,-9.67686449,1.17513551
cmet_13,cmet,BFEQM3,-8.894,-7.119988597,1.774011403
cmet_14,cmet,BFEQM3,-9.134,-7.946580989,1.187419011
cmet_15,cmet,BFEQM3,-7.457,-7.334992176,0.122007824
cmet_16,cmet,BFEQM3,-7.194,-6.331672062,0.862327938
cmet_17,cmet,BFEQM3,-8.592,-8.465478284,0.126521716
cmet_18,cmet,BFEQM3,-8.724,-8.820607481,0.096607481
cmet_19,cmet,BFEQM3,-7.742,-6.46874898,1.27325102
cmet_20,cmet,BFEQM3,-6.167,-7.453200008,1.286200008
cmet_21,cmet,BFEQM3,-9.134,-9.628859055,0.494859055
cmet_22,cmet,BFEQM3,-10.088,-10.7375159,0.6495159
cmet_23,cmet,BFEQM3,-7.332,-7.66235032,0.33035032
cmet_24,cmet,BFEQM3,-12.272,-14.13920484,1.86720484
cxcr4_1,cxcr4,BFEQM3,-10.0455,-10.27657101,0.23107101
cxcr4_2,cxcr4,BFEQM3,-7.47602,-7.390842656,0.085177344
cxcr4_3,cxcr4,BFEQM3,-7.43417,-8.447313289,1.013143289
cxcr4_4,cxcr4,BFEQM3,-6.86285,-6.966458437,0.103608437
cxcr4_5,cxcr4,BFEQM3,-10.4344,-10.39680701,0.03759299
cxcr4_6,cxcr4,BFEQM3,-10.3668,-11.06477986,0.69797986
cxcr4_7,cxcr4,BFEQM3,-10.3668,-10.4253212,0.0585212
cxcr4_8,cxcr4,BFEQM3,-8.82489,-9.14119348,0.31630348
cxcr4_9,cxcr4,BFEQM3,-8.32881,-6.566215725,1.762594275
cxcr4_10,cxcr4,BFEQM3,-11.1136,-10.57833733,0.53526267
EG5_1,EG5,BFEQM3,-11.1136,-13.45124446,2.33764446
EG5_2,EG5,BFEQM3,-11.3938,-12.03397066,0.64017066
EG5_3,EG5,BFEQM3,-11.6983,-11.03247707,0.66582293
EG5_4,EG5,BFEQM3,-11.28541,-13.36170534,2.07629534
EG5_5,EG5,BFEQM3,-11.5268,-12.33673045,0.80993045
EG5_6,EG5,BFEQM3,-10.9238,-11.4360889,0.5122889
EG5_7,EG5,BFEQM3,-11.94,-10.85236059,1.08763941
EG5_8,EG5,BFEQM3,-10.78,-11.38789195,0.60789195
EG5_9,EG5,BFEQM3,-11.5268,-11.21133443,0.31546557
EG5_10,EG5,BFEQM3,-11.1932,-14.1384937,2.9452937
EG5_11,EG5,BFEQM3,-10.598,-13.17259787,2.57459787
EG5_12,EG5,BFEQM3,-10.5674,-12.30748466,1.74008466
EG5_13,EG5,BFEQM3,-11.3938,-10.3265917,1.0672083
EG5_14,EG5,BFEQM3,-9.9327,-11.23619942,1.30349942
EG5_15,EG5,BFEQM3,-11.5268,-11.57805556,0.05125556
EG5_16,EG5,BFEQM3,-10.598,-13.18690092,2.58890092
EG5_17,EG5,BFEQM3,-11.1932,-12.77905401,1.58585401
EG5_18,EG5,BFEQM3,-11.94,-10.87711509,1.06288491
EG5_19,EG5,BFEQM3,-9.8,-10.5149319,0.7149319
EG5_20,EG5,BFEQM3,-10.2511,-5.551734673,4.699365327
EG5_21,EG5,BFEQM3,-10.6643,-4.774351116,5.889948884
EG5_22,EG5,BFEQM3,-10.4344,-8.625942043,1.808457957
EG5_23,EG5,BFEQM3,-9.4993,-7.917283596,1.582016404
EG5_24,EG5,BFEQM3,-10.9238,-13.52162603,2.59782603
EG5_25,EG5,BFEQM3,-8.7525,-7.890198165,0.862301835
EG5_26,EG5,BFEQM3,-9.4993,-8.019882867,1.479417133
EG5_27,EG5,BFEQM3,-8.4313,-8.024871071,0.406428929
EG5_28,EG5,BFEQM3,-11.2851,-9.125591734,2.159508266
hif2a_1,hif2a,BFEQM3,-11.319,-10.03626867,1.28273133
hif2a_2,hif2a,BFEQM3,-9.992,-5.430152013,4.561847987
hif2a_3,hif2a,BFEQM3,-7.391,-2.386615985,5.004384015
hif2a_4,hif2a,BFEQM3,-11.041,-10.84274762,0.19825238
hif2a_5,hif2a,BFEQM3,-7.064,-10.32760463,3.26360463
hif2a_6,hif2a,BFEQM3,-10.278,-10.60225462,0.32425462
hif2a_7,hif2a,BFEQM3,-10.56,-7.361149054,3.198850946
hif2a_8,hif2a,BFEQM3,-8.838,-7.995233271,0.842766729
hif2a_9,hif2a,BFEQM3,-7.151,-8.172183735,1.021183735
hif2a_10,hif2a,BFEQM3,-9.782,-8.830331213,0.951668787
hif2a_11,hif2a,BFEQM3,-8.935,-9.661155866,0.726155866
hif2a_12,hif2a,BFEQM3,-8.695,-9.458501625,0.763501625
hif2a_13,hif2a,BFEQM3,-9.692,-6.506811025,3.185188975
hif2a_14,hif2a,BFEQM3,-9.305,-10.26323056,0.95823056
hif2a_15,hif2a,BFEQM3,-10.668,-11.20005325,0.53205325
hif2a_16,hif2a,BFEQM3,-10.103,-10.81746205,0.71446205
hif2a_17,hif2a,BFEQM3,-10.167,-9.594962135,0.572037865
hif2a_18,hif2a,BFEQM3,-7.572,-7.381941938,0.190058062
hif2a_19,hif2a,BFEQM3,-10.118,-7.033020433,3.084979567
hif2a_20,hif2a,BFEQM3,-10.498,-10.71240676,0.21440676
hif2a_21,hif2a,BFEQM3,-9.731,-10.69433631,0.96333631
hif2a_22,hif2a,BFEQM3,-11.005,-11.66156057,0.65656057
hif2a_23,hif2a,BFEQM3,-6.761,-6.799791549,0.038791549
hif2a_24,hif2a,BFEQM3,-9.231,-10.50121571,1.27021571
hif2a_25,hif2a,BFEQM3,-10.668,-9.111239649,1.556760351
hif2a_26,hif2a,BFEQM3,-10.118,-11.08465354,0.96665354
hif2a_27,hif2a,BFEQM3,-10.594,-12.09610209,1.50210209
hif2a_28,hif2a,BFEQM3,-9.655,-10.5771228,0.9221228
hif2a_29,hif2a,BFEQM3,-10.753,-11.27302735,0.52002735
hif2a_30,hif2a,BFEQM3,-10.018,-11.14926315,1.13126315
hif2a_31,hif2a,BFEQM3,-10.343,-8.81507107,1.52792893
hif2a_32,hif2a,BFEQM3,-10.118,-11.38526428,1.26726428
hif2a_33,hif2a,BFEQM3,-9.545,-7.053124435,2.491875565
hif2a_34,hif2a,BFEQM3,-10.238,-12.34326886,2.10526886
hif2a_35,hif2a,BFEQM3,-9.707,-11.53723758,1.83023758
hif2a_36,hif2a,BFEQM3,-9.545,-12.66980963,3.12480963
hif2a_37,hif2a,BFEQM3,-10.668,-11.50628355,0.83828355
hif2a_38,hif2a,BFEQM3,-10.528,-11.65983042,1.13183042
hif2a_39,hif2a,BFEQM3,-10.908,-10.57408039,0.33391961
hif2a_40,hif2a,BFEQM3,-10.56,-10.87754064,0.31754064
hif2a_41,hif2a,BFEQM3,-9.819,-11.04380952,1.22480952
hif2a_42,hif2a,BFEQM3,-10.753,-11.40728049,0.65428049
HIV-1-P_1,HIV-1-P,BFEQM3,-12.733,-12.90494169,0.17194169
HIV-1-P_2,HIV-1-P,BFEQM3,-9.367,-10.91352163,1.54652163
HIV-1-P_3,HIV-1-P,BFEQM3,-14.203,-14.5278072,0.3248072
HIV-1-P_4,HIV-1-P,BFEQM3,-11.559,-12.40616391,0.84716391
HIV-1-P_5,HIV-1-P,BFEQM3,-10.126,-10.63793352,0.51193352
HIV-1-P_6,HIV-1-P,BFEQM3,-10.337,-9.919727825,0.417272175
HIV-1-P_7,HIV-1-P,BFEQM3,-12.458,-12.30237179,0.15562821
HIV-1-P_8,HIV-1-P,BFEQM3,-13.86,-14.39299114,0.53299114
HIV-1-P_9,HIV-1-P,BFEQM3,-13.94,-12.87740135,1.06259865
HIV-1-P_10,HIV-1-P,BFEQM3,-13.975,-14.05285991,0.07785991
HIV-1-P_11,HIV-1-P,BFEQM3,-12.992,-14.72249388,1.73049388
HIV-1-P_12,HIV-1-P,BFEQM3,-13.364,-13.82830348,0.46430348
HIV-1-P_13,HIV-1-P,BFEQM3,-13.231,-12.55034714,0.68065286
HIV-1-P_14,HIV-1-P,BFEQM3,-13.411,-12.91627492,0.49472508
HIV-1-P_15,HIV-1-P,BFEQM3,-15.404,-14.30006374,1.10393626
HIV-1-P_16,HIV-1-P,BFEQM3,-14.244,-13.64052673,0.60347327
HIV-1-P_17,HIV-1-P,BFEQM3,-16.606,-13.80503521,2.80096479
HIV-1-P_18,HIV-1-P,BFEQM3,-14.406,-13.50387865,0.90212135
HIV-1-P_19,HIV-1-P,BFEQM3,-9.328,-9.46748248,0.13948248
HIV-1-P_20,HIV-1-P,BFEQM3,-13.727,-13.71019927,0.01680073
HIV-1-P_21,HIV-1-P,BFEQM3,-9.09,-9.733576154,0.643576154
HIV-1-P_22,HIV-1-P,BFEQM3,-9.292,-10.71561652,1.42361652
HIV-1-P_23,HIV-1-P,BFEQM3,-9.301,-9.940430862,0.639430862
HIV-1-P_24,HIV-1-P,BFEQM3,-15.646,-14.52877874,1.11722126
HIV-1-P_25,HIV-1-P,BFEQM3,-12.487,-12.74498932,0.25798932
HIV-1-P_26,HIV-1-P,BFEQM3,-14.82,-13.93808729,0.88191271
HIV-1-P_27,HIV-1-P,BFEQM3,-13.824,-13.32941047,0.49458953
HIV-1-P_28,HIV-1-P,BFEQM3,-12.679,-12.46012557,0.21887443
HIV-1-P_29,HIV-1-P,BFEQM3,-13.687,-12.23140565,1.45559435
HIV-1-P_30,HIV-1-P,BFEQM3,-13.164,-12.39753161,0.76646839
HIV-1-P_31,HIV-1-P,BFEQM3,-13.923,-14.57426458,0.65126458
HIV-1-P_32,HIV-1-P,BFEQM3,-14.82,-13.3820155,1.4379845
HIV-1-P_33,HIV-1-P,BFEQM3,-13.557,-14.66933148,1.11233148
HIV-1-P_34,HIV-1-P,BFEQM3,-15.404,-13.24996261,2.15403739
HIV-1-P_35,HIV-1-P,BFEQM3,-12.733,-14.8360602,2.1030602
HIV-1-P_36,HIV-1-P,BFEQM3,-11.941,-14.28729187,2.34629187
HIV-1-P_37,HIV-1-P,BFEQM3,-9.23,-10.24332248,1.01332248
HIV-1-P_38,HIV-1-P,BFEQM3,-13.838,-14.06447362,0.22647362
JNK1_1,JNK1,BFEQM3,-9.76,-10.1568279,0.3968279
JNK1_2,JNK1,BFEQM3,-8.57,-6.803177957,1.766822043
JNK1_3,JNK1,BFEQM3,-8.18,-8.559009982,0.379009982
JNK1_4,JNK1,BFEQM3,-8.95,-7.119775132,1.830224868
JNK1_5,JNK1,BFEQM3,-8.56,-6.83451464,1.72548536
JNK1_6,JNK1,BFEQM3,-8.78,-6.901816571,1.878183429
JNK1_7,JNK1,BFEQM3,-8.75,-7.945234394,0.804765606
JNK1_8,JNK1,BFEQM3,-9.23,-7.500925001,1.729074999
JNK1_9,JNK1,BFEQM3,-9.5,-10.51400504,1.01400504
JNK1_10,JNK1,BFEQM3,-9.17,-8.330658746,0.839341254
JNK1_11,JNK1,BFEQM3,-9.26,-7.648103355,1.611896645
JNK1_12,JNK1,BFEQM3,-10.08,-11.57926499,1.49926499
JNK1_13,JNK1,BFEQM3,-7.35,-7.793151066,0.443151066
JNK1_14,JNK1,BFEQM3,-7.58,-5.832722052,1.747277948
JNK1_15,JNK1,BFEQM3,-10.23,-12.27989029,2.04989029
JNK1_16,JNK1,BFEQM3,-10.18,-11.25301361,1.07301361
JNK1_17,JNK1,BFEQM3,-9.8,-11.12059273,1.32059273
JNK1_18,JNK1,BFEQM3,-10.78,-11.65767179,0.87767179
JNK1_19,JNK1,BFEQM3,-9.79,-10.97989482,1.18989482
JNK1_20,JNK1,BFEQM3,-9.55,-10.37203137,0.82203137
JNK1_21,JNK1,BFEQM3,-8.78,-11.64771857,2.86771857
mcl1_1,mcl1,BFEQM3,-8.83,-8.969419404,0.139419404
mcl1_2,mcl1,BFEQM3,-8.24,-8.142801978,0.097198022
mcl1_3,mcl1,BFEQM3,-6.12,-5.444672767,0.675327233
mcl1_4,mcl1,BFEQM3,-6.62,-5.630376564,0.989623436
mcl1_5,mcl1,BFEQM3,-6.94,-3.02830968,3.91169032
mcl1_6,mcl1,BFEQM3,-7.85,-7.484819524,0.365180476
mcl1_7,mcl1,BFEQM3,-7.92,-6.946571018,0.973428982
mcl1_8,mcl1,BFEQM3,-6.58,-6.890656531,0.310656531
mcl1_9,mcl1,BFEQM3,-6.88,-7.173005188,0.293005188
mcl1_10,mcl1,BFEQM3,-6.87,-6.879464149,0.009464149
mcl1_11,mcl1,BFEQM3,-8.81,-9.316908534,0.506908534
mcl1_12,mcl1,BFEQM3,-8.18,-9.008679069,0.828679069
mcl1_13,mcl1,BFEQM3,-8.95,-10.91327208,1.96327208
mcl1_14,mcl1,BFEQM3,-7.02,-3.873949881,3.146050119
mcl1_15,mcl1,BFEQM3,-7.03,-3.143952937,3.886047063
mcl1_16,mcl1,BFEQM3,-7.25,-6.386601381,0.863398619
mcl1_17,mcl1,BFEQM3,-7.13,-3.330903814,3.799096186
mcl1_18,mcl1,BFEQM3,-8.9,-8.101482743,0.798517257
mcl1_19,mcl1,BFEQM3,-7.03,-6.988349884,0.041650116
mcl1_20,mcl1,BFEQM3,-8.67,-9.671634549,1.001634549
mcl1_21,mcl1,BFEQM3,-8.95,-8.816474703,0.133525297
mcl1_22,mcl1,BFEQM3,-7.6,-9.50468637,1.90468637
mcl1_23,mcl1,BFEQM3,-5.78,-7.136574308,1.356574308
mcl1_24,mcl1,BFEQM3,-6.66,-5.612299396,1.047700604
mcl1_25,mcl1,BFEQM3,-8.36,-8.270840633,0.089159367
mcl1_26,mcl1,BFEQM3,-9.33,-10.05383308,0.72383308
mcl1_27,mcl1,BFEQM3,-8.45,-7.349577937,1.100422063
mcl1_28,mcl1,BFEQM3,-9.23,-8.897735406,0.332264594
mcl1_29,mcl1,BFEQM3,-9.96,-10.62061853,0.66061853
mcl1_30,mcl1,BFEQM3,-9.78,-7.803521917,1.976478083
mcl1_31,mcl1,BFEQM3,-9.26,-11.19980393,1.93980393
mcl1_32,mcl1,BFEQM3,-9.04,-8.045645774,0.994354226
mcl1_33,mcl1,BFEQM3,-9.41,-10.86367541,1.45367541
mcl1_34,mcl1,BFEQM3,-8.92,-11.60984993,2.68984993
mcl1_35,mcl1,BFEQM3,-8.08,-10.27158506,2.19158506
mcl1_36,mcl1,BFEQM3,-7.96,-7.013302056,0.946697944
mcl1_37,mcl1,BFEQM3,-9.06,-10.3960748,1.3360748
mcl1_38,mcl1,BFEQM3,-9.5,-7.661104419,1.838895581
mcl1_39,mcl1,BFEQM3,-8.41,-11.99467203,3.58467203
mcl1_40,mcl1,BFEQM3,-8.43,-9.326825657,0.896825657
mcl1_41,mcl1,BFEQM3,-7.58,-11.24477984,3.66477984
mcl1_42,mcl1,BFEQM3,-7.69,-8.240687157,0.550687157
opioid_1,opioid,BFEQM3,-9.64172,-6.835039483,2.806680517
opioid_2,opioid,BFEQM3,-10.1557,-10.50344078,0.34774078
opioid_3,opioid,BFEQM3,-10.9292,-12.09379122,1.16459122
opioid_4,opioid,BFEQM3,-9.93995,-6.102460295,3.837489705
opioid_5,opioid,BFEQM3,-10.432,-9.986637403,0.445362597
opioid_6,opioid,BFEQM3,-10.7349,-9.991859001,0.743040999
opioid_7,opioid,BFEQM3,-12.1194,-12.19655211,0.07715211
opioid_8,opioid,BFEQM3,-10.9515,-9.151404462,1.800095538
opioid_9,opioid,BFEQM3,-11.5388,-14.75761124,3.21881124
opioid_10,opioid,BFEQM3,-11.0368,-13.23128298,2.19448298
opioid_11,opioid,BFEQM3,-12.9458,-15.57569103,2.62989103
p38_1,p38,BFEQM3,-9.27,-9.054311297,0.215688703
p38_2,p38,BFEQM3,-9.06,-9.489031506,0.429031506
p38_3,p38,BFEQM3,-10.46,-9.639012398,0.820987602
p38_4,p38,BFEQM3,-10.7,-10.08565295,0.61434705
p38_5,p38,BFEQM3,-12.26,-10.99316715,1.26683285
p38_6,p38,BFEQM3,-8.48,-9.974530745,1.494530745
p38_7,p38,BFEQM3,-11.44,-11.50089644,0.06089644
p38_8,p38,BFEQM3,-10.66,-9.872861687,0.787138313
p38_9,p38,BFEQM3,-10.66,-10.5418563,0.1181437
p38_10,p38,BFEQM3,-9.48,-8.739923757,0.740076243
p38_11,p38,BFEQM3,-10.05,-11.47796823,1.42796823
p38_12,p38,BFEQM3,-10.08,-10.59755715,0.51755715
p38_13,p38,BFEQM3,-10.55,-10.03308202,0.51691798
p38_14,p38,BFEQM3,-12.26,-11.80477515,0.45522485
p38_15,p38,BFEQM3,-10.96,-10.47687697,0.48312303
p38_16,p38,BFEQM3,-11.85,-13.22634274,1.37634274
p38_17,p38,BFEQM3,-10.49,-11.00700288,0.51700288
p38_18,p38,BFEQM3,-11.2,-12.70584324,1.50584324
p38_19,p38,BFEQM3,-12.26,-12.813275,0.553275
p38_20,p38,BFEQM3,-10.79,-11.36487474,0.57487474
p38_21,p38,BFEQM3,-11.11,-12.64939052,1.53939052
p38_22,p38,BFEQM3,-11.85,-9.912894905,1.937105095
p38_23,p38,BFEQM3,-12.26,-14.13180668,1.87180668
p38_24,p38,BFEQM3,-8.97,-7.780780789,1.189219211
p38_25,p38,BFEQM3,-10.23,-10.17327476,0.05672524
p38_26,p38,BFEQM3,-9.78,-10.15641179,0.37641179
p38_27,p38,BFEQM3,-10.36,-8.477344386,1.882655614
p38_28,p38,BFEQM3,-10.88,-10.69459291,0.18540709
p38_29,p38,BFEQM3,-9.93,-10.1136342,0.1836342
p38_30,p38,BFEQM3,-10.68,-10.48917543,0.19082457
p38_31,p38,BFEQM3,-11.42,-10.33982287,1.08017713
p38_32,p38,BFEQM3,-9.49,-9.994237925,0.504237925
p38_33,p38,BFEQM3,-10.83,-11.00204175,0.17204175
p38_34,p38,BFEQM3,-11.83,-11.26574874,0.56425126
pde2_1,pde2,BFEQM3,-9.449,-4.562132642,4.886867358
pde2_2,pde2,BFEQM3,-10.349,-12.77520626,2.42620626
pde2_3,pde2,BFEQM3,-9.804,-10.54264985,0.73864985
pde2_4,pde2,BFEQM3,-10.049,-10.91388154,0.86488154
pde2_5,pde2,BFEQM3,-9.381,-8.56357179,0.81742821
pde2_6,pde2,BFEQM3,-10.936,-12.20340657,1.26740657
pde2_7,pde2,BFEQM3,-9.613,-9.77905192,0.16605192
pde2_8,pde2,BFEQM3,-11.099,-10.05619826,1.04280174
pde2_9,pde2,BFEQM3,-11.168,-11.53686334,0.36886334
pde2_10,pde2,BFEQM3,-10.799,-11.83507848,1.03607848
pde2_11,pde2,BFEQM3,-10.254,-9.753236301,0.500763699
pde2_12,pde2,BFEQM3,-9.545,-8.888739149,0.656260851
pde2_13,pde2,BFEQM3,-11.877,-12.63430826,0.75730826
pde2_14,pde2,BFEQM3,-10.268,-10.63485967,0.36685967
pde2_15,pde2,BFEQM3,-11.208,-11.83538802,0.62738802
pde2_16,pde2,BFEQM3,-11.686,-12.2343204,0.5483204
pde2_17,pde2,BFEQM3,-8.754,-8.034721692,0.719278308
pde2_18,pde2,BFEQM3,-11.045,-13.1760155,2.1310155
pde2_19,pde2,BFEQM3,-10.704,-10.91352914,0.20952914
pde2_20,pde2,BFEQM3,-11.195,-8.309841218,2.885158782
pfkb3_1,pfkb3,BFEQM3,-7.547,-8.786829193,1.239829193
pfkb3_2,pfkb3,BFEQM3,-8.512,-9.073377676,0.561377676
pfkb3_3,pfkb3,BFEQM3,-7.91,-10.98352087,3.07352087
pfkb3_4,pfkb3,BFEQM3,-8.865,-9.799888424,0.934888424
pfkb3_5,pfkb3,BFEQM3,-9.165,-11.07121918,1.90621918
pfkb3_6,pfkb3,BFEQM3,-9.641,-9.207085842,0.433914158
pfkb3_7,pfkb3,BFEQM3,-9.194,-8.932303184,0.261696816
pfkb3_8,pfkb3,BFEQM3,-9.278,-11.22307342,1.94507342
pfkb3_9,pfkb3,BFEQM3,-8.603,-12.29446891,3.69146891
pfkb3_10,pfkb3,BFEQM3,-9.967,-12.22906639,2.26206639
pfkb3_11,pfkb3,BFEQM3,-10.134,-11.52267781,1.38867781
pfkb3_12,pfkb3,BFEQM3,-7.437,-8.92085949,1.48385949
pfkb3_13,pfkb3,BFEQM3,-9.992,-15.16942714,5.17742714
pfkb3_14,pfkb3,BFEQM3,-8.754,-11.11051229,2.35651229
pfkb3_15,pfkb3,BFEQM3,-7.194,-7.591820075,0.397820075
pfkb3_16,pfkb3,BFEQM3,-7.384,-6.899044715,0.484955285
pfkb3_17,pfkb3,BFEQM3,-8.463,-7.405583923,1.057416077
pfkb3_18,pfkb3,BFEQM3,-7.994,-6.802896099,1.191103901
pfkb3_19,pfkb3,BFEQM3,-9.944,-6.069169956,3.874830044
pfkb3_20,pfkb3,BFEQM3,-7.855,-4.174743442,3.680256558
pfkb3_21,pfkb3,BFEQM3,-8.329,-2.448613838,5.880386162
pfkb3_22,pfkb3,BFEQM3,-8.002,-7.394574185,0.607425815
pfkb3_23,pfkb3,BFEQM3,-7.93,-7.72756626,0.20243374
pfkb3_24,pfkb3,BFEQM3,-10.39,-8.222230365,2.167769635
pfkb3_25,pfkb3,BFEQM3,-6.994,-5.814298724,1.179701276
pfkb3_26,pfkb3,BFEQM3,-8.175,-4.672730223,3.502269777
pfkb3_27,pfkb3,BFEQM3,-10.63,-11.50446911,0.87446911
pfkb3_28,pfkb3,BFEQM3,-10.56,-10.38115541,0.17884459
pfkb3_29,pfkb3,BFEQM3,-10.469,-11.51056629,1.04156629
pfkb3_30,pfkb3,BFEQM3,-9.129,-9.358139823,0.229139823
pfkb3_31,pfkb3,BFEQM3,-8.111,-7.6446007,0.4663993
pfkb3_32,pfkb3,BFEQM3,-8.14,-0.671319099,7.468680901
pfkb3_33,pfkb3,BFEQM3,-7.688,-6.158361095,1.529638905
pfkb3_34,pfkb3,BFEQM3,-8.557,-9.702084207,1.145084207
pfkb3_35,pfkb3,BFEQM3,-9.418,-9.21493646,0.20306354
pfkb3_36,pfkb3,BFEQM3,-9.483,-9.873576685,0.390576685
pfkb3_37,pfkb3,BFEQM3,-10.238,-11.90194327,1.66394327
pfkb3_38,pfkb3,BFEQM3,-9.773,-11.91098164,2.13798164
pfkb3_39,pfkb3,BFEQM3,-10.709,-10.44196479,0.26703521
pfkb3_40,pfkb3,BFEQM3,-10.299,-11.03531981,0.73631981
ptp1b_1,ptp1b,BFEQM3,-11.451,-14.51593893,3.06493893
ptp1b_2,ptp1b,BFEQM3,-8.628,-7.388298626,1.239701374
ptp1b_3,ptp1b,BFEQM3,-9.106,-5.930213849,3.175786151
ptp1b_4,ptp1b,BFEQM3,-10.15,-8.405204732,1.744795268
ptp1b_5,ptp1b,BFEQM3,-7.867,-4.769836495,3.097163505
ptp1b_6,ptp1b,BFEQM3,-7.36,-6.543957465,0.816042535
ptp1b_7,ptp1b,BFEQM3,-7.771,-5.172094303,2.598905697
ptp1b_8,ptp1b,BFEQM3,-7.742,-9.174069411,1.432069411
ptp1b_9,ptp1b,BFEQM3,-7.742,-6.213894445,1.528105555
ptp1b_10,ptp1b,BFEQM3,-7.771,-6.265393864,1.505606136
ptp1b_11,ptp1b,BFEQM3,-8.668,-8.633450546,0.034549454
ptp1b_12,ptp1b,BFEQM3,-8.41,-6.11739999,2.29260001
ptp1b_13,ptp1b,BFEQM3,-9.134,-8.701263493,0.432736507
ptp1b_14,ptp1b,BFEQM3,-8.739,-7.944980911,0.794019089
ptp1b_15,ptp1b,BFEQM3,-9.437,-8.948814327,0.488185673
ptp1b_16,ptp1b,BFEQM3,-8.875,-8.587950412,0.287049588
ptp1b_17,ptp1b,BFEQM3,-9.165,-9.884546102,0.719546102
ptp1b_18,ptp1b,BFEQM3,-8.739,-9.412133918,0.673133918
ptp1b_19,ptp1b,BFEQM3,-10.031,-10.5668575,0.5358575
ptp1b_20,ptp1b,BFEQM3,-9.899,-11.48792105,1.58892105
ptp1b_21,ptp1b,BFEQM3,-7.771,-12.88313798,5.11213798
ptp1b_22,ptp1b,BFEQM3,-11.041,-13.68753014,2.64653014
ptp1b_23,ptp1b,BFEQM3,-12.5,-16.76211151,4.26211151
syk_1,syk,BFEQM3,-10.57,-9.202029297,1.367970703
syk_2,syk,BFEQM3,-10.67,-12.42019879,1.75019879
syk_3,syk,BFEQM3,-11.42,-12.67054913,1.25054913
syk_4,syk,BFEQM3,-10.61,-13.01778271,2.40778271
syk_5,syk,BFEQM3,-10.82,-13.51659267,2.69659267
syk_6,syk,BFEQM3,-10.86,-13.76001929,2.90001929
syk_7,syk,BFEQM3,-10.33,-10.40720859,0.07720859
syk_8,syk,BFEQM3,-9.96,-11.14478124,1.18478124
syk_9,syk,BFEQM3,-9.78,-10.58400496,0.80400496
syk_10,syk,BFEQM3,-10.3,-10.52715781,0.22715781
syk_11,syk,BFEQM3,-10.14,-10.84135316,0.70135316
syk_12,syk,BFEQM3,-8.64,-8.323719332,0.316280668
syk_13,syk,BFEQM3,-10.55,-9.884717524,0.665282476
syk_14,syk,BFEQM3,-9.81,-9.657357983,0.152642017
syk_15,syk,BFEQM3,-10.4,-10.0367895,0.3632105
syk_16,syk,BFEQM3,-9.48,-9.301851445,0.178148555
syk_17,syk,BFEQM3,-11.69,-11.37866787,0.31133213
syk_18,syk,BFEQM3,-11.49,-11.03777527,0.45222473
syk_19,syk,BFEQM3,-11.19,-11.36324946,0.17324946
syk_20,syk,BFEQM3,-10.78,-10.85412563,0.07412563
syk_21,syk,BFEQM3,-11.01,-11.49480515,0.48480515
syk_22,syk,BFEQM3,-10.89,-10.77033268,0.11966732
syk_23,syk,BFEQM3,-10.79,-11.38575044,0.59575044
syk_24,syk,BFEQM3,-10.48,-10.84334074,0.36334074
syk_25,syk,BFEQM3,-11.79,-9.569335855,2.220664145
syk_26,syk,BFEQM3,-10.2,-10.92718724,0.72718724
syk_27,syk,BFEQM3,-11.36,-11.88745842,0.52745842
syk_28,syk,BFEQM3,-10.33,-10.15681077,0.17318923
syk_29,syk,BFEQM3,-11.01,-10.75879842,0.25120158
syk_30,syk,BFEQM3,-11.12,-9.849961237,1.270038763
syk_31,syk,BFEQM3,-11.47,-8.418427971,3.051572029
syk_32,syk,BFEQM3,-12.07,-11.14539445,0.92460555
syk_33,syk,BFEQM3,-11.06,-9.218502521,1.841497479
syk_34,syk,BFEQM3,-11.84,-10.57234357,1.26765643
syk_35,syk,BFEQM3,-11.49,-10.49387906,0.99612094
syk_36,syk,BFEQM3,-11.08,-10.91291289,0.16708711
syk_37,syk,BFEQM3,-10.42,-11.06706368,0.64706368
syk_38,syk,BFEQM3,-12.77,-11.26776326,1.50223674
thrombin_1,thrombin,BFEQM3,-7.481,-8.453218216,0.972218216
thrombin_2,thrombin,BFEQM3,-8.461,-9.388151381,0.927151381
thrombin_3,thrombin,BFEQM3,-8.556,-7.907496151,0.648503849
thrombin_4,thrombin,BFEQM3,-8.317,-7.828161979,0.488838021
thrombin_5,thrombin,BFEQM3,-7.863,-2.867624195,4.995375805
thrombin_6,thrombin,BFEQM3,-7.576,-7.539874177,0.036125823
thrombin_7,thrombin,BFEQM3,-9.178,-10.2115198,1.0335198
thrombin_8,thrombin,BFEQM3,-8.891,-9.757174685,0.866174685
thrombin_9,thrombin,BFEQM3,-8.915,-10.65146831,1.73646831
thrombin_10,thrombin,BFEQM3,-8.222,-8.855311108,0.633311108
tnks2_1,tnks2,BFEQM3,-8.55,-8.697383851,0.147383851
tnks2_2,tnks2,BFEQM3,-9.94,-9.991402987,0.051402987
tnks2_3,tnks2,BFEQM3,-11,-10.94962877,0.05037123
tnks2_4,tnks2,BFEQM3,-11.52,-10.02437289,1.49562711
tnks2_5,tnks2,BFEQM3,-10.76,-11.88123432,1.12123432
tnks2_6,tnks2,BFEQM3,-10.47,-11.27631665,0.80631665
tnks2_7,tnks2,BFEQM3,-9.96,-8.68965565,1.27034435
tnks2_8,tnks2,BFEQM3,-10.89,-11.31883778,0.42883778
tnks2_9,tnks2,BFEQM3,-10.11,-8.652568837,1.457431163
tnks2_10,tnks2,BFEQM3,-10.26,-11.94290835,1.68290835
tnks2_11,tnks2,BFEQM3,-10.81,-12.00041664,1.19041664
tnks2_12,tnks2,BFEQM3,-10.05,-9.667216438,0.382783562
tnks2_13,tnks2,BFEQM3,-12.08,-11.71869405,0.36130595
tnks2_14,tnks2,BFEQM3,-11.08,-10.66580987,0.41419013
tnks2_15,tnks2,BFEQM3,-10.96,-11.50441823,0.54441823
tnks2_16,tnks2,BFEQM3,-10.09,-11.68261366,1.59261366
tnks2_17,tnks2,BFEQM3,-12.69,-11.039426,1.650574
tnks2_18,tnks2,BFEQM3,-10.71,-10.29773221,0.41226779
tnks2_19,tnks2,BFEQM3,-12.04,-10.97783745,1.06216255
tnks2_20,tnks2,BFEQM3,-10.5,-9.519992755,0.980007245
tnks2_21,tnks2,BFEQM3,-8.4,-10.37153261,1.97153261
tyk2_1,tyk2,BFEQM3,-11.7,-11.42143191,0.27856809
tyk2_2,tyk2,BFEQM3,-11.28,-11.14007179,0.13992821
tyk2_3,tyk2,BFEQM3,-10.98,-9.919028209,1.060971791
tyk2_4,tyk2,BFEQM3,-10.94,-13.04754016,2.10754016
tyk2_5,tyk2,BFEQM3,-9.54,-10.38182914,0.84182914
tyk2_6,tyk2,BFEQM3,-9.78,-9.965732397,0.185732397
tyk2_7,tyk2,BFEQM3,-8.26,-7.364874849,0.895125151
tyk2_8,tyk2,BFEQM3,-7.42,-5.559057504,1.860942496
tyk2_9,tyk2,BFEQM3,-9.56,-9.490818948,0.069181052
tyk2_10,tyk2,BFEQM3,-11.31,-10.06071953,1.24928047
tyk2_11,tyk2,BFEQM3,-9.7,-9.518607489,0.181392511
tyk2_12,tyk2,BFEQM3,-9,-8.966955348,0.033044652
tyk2_13,tyk2,BFEQM3,-7.75,-7.665065029,0.084934971
tyk2_14,tyk2,BFEQM3,-8.98,-10.07327693,1.09327693
tyk2_15,tyk2,BFEQM3,-10.53,-10.79505119,0.26505119
tyk2_16,tyk2,BFEQM3,-9.21,-10.56993958,1.35993958
